run_i,run_j,ARI,k,feature_set,bootstrap,bootstrap_frac
0,1,0.37092400749936716,6,full,False,0.8
0,2,0.961491746495538,6,full,False,0.8
0,3,0.9626312043234241,6,full,False,0.8
0,4,0.3727610736593428,6,full,False,0.8
0,5,0.9992670563528719,6,full,False,0.8
0,6,0.9992670563528719,6,full,False,0.8
0,7,0.27007680244962484,6,full,False,0.8
0,8,0.9502088767569047,6,full,False,0.8
0,9,0.2689339634930029,6,full,False,0.8
0,10,0.9656381867589647,6,full,False,0.8
0,11,0.964681012127278,6,full,False,0.8
0,12,0.25962564924070325,6,full,False,0.8
0,13,0.2752993308884353,6,full,False,0.8
0,14,1.0,6,full,False,0.8
0,15,0.26896989061915433,6,full,False,0.8
0,16,0.37088943031065075,6,full,False,0.8
0,17,0.964681012127278,6,full,False,0.8
0,18,0.37129532196459963,6,full,False,0.8
0,19,0.2726703011847612,6,full,False,0.8
1,2,0.3594543710772088,6,full,False,0.8
1,3,0.35919039399565633,6,full,False,0.8
1,4,0.9957891019502387,6,full,False,0.8
1,5,0.37073804605836774,6,full,False,0.8
1,6,0.37073804605836774,6,full,False,0.8
1,7,0.5113150680773932,6,full,False,0.8
1,8,0.35727725473518773,6,full,False,0.8
1,9,0.5116265262295483,6,full,False,0.8
1,10,0.35980167885275893,6,full,False,0.8
1,11,0.359393101292678,6,full,False,0.8
1,12,0.5195357095976111,6,full,False,0.8
1,13,0.5082543352065126,6,full,False,0.8
1,14,0.37092400749936716,6,full,False,0.8
1,15,0.5129381415356565,6,full,False,0.8
1,16,0.99951823730262,6,full,False,0.8
1,17,0.359393101292678,6,full,False,0.8
1,18,0.9981180429301686,6,full,False,0.8
1,19,0.5102514808388365,6,full,False,0.8
2,3,0.9977711998052973,6,full,False,0.8
2,4,0.3612907734520038,6,full,False,0.8
2,5,0.9607706243760724,6,full,False,0.8
2,6,0.9607706243760724,6,full,False,0.8
2,7,0.27261051905189393,6,full,False,0.8
2,8,0.9874587798692035,6,full,False,0.8
2,9,0.2714142424724817,6,full,False,0.8
2,10,0.9958049744404912,6,full,False,0.8
2,11,0.9967711394759682,6,full,False,0.8
2,12,0.26198749465369836,6,full,False,0.8
2,13,0.27799267647643594,6,full,False,0.8
2,14,0.961491746495538,6,full,False,0.8
2,15,0.2714959784596592,6,full,False,0.8
2,16,0.35942534684007693,6,full,False,0.8
2,17,0.9967711394759682,6,full,False,0.8
2,18,0.359850452690498,6,full,False,0.8
2,19,0.27530767406425316,6,full,False,0.8
3,4,0.36103168438175454,6,full,False,0.8
3,5,0.9619094379752321,6,full,False,0.8
3,6,0.9619094379752321,6,full,False,0.8
3,7,0.2719803378071317,6,full,False,0.8
3,8,0.9852451563826476,6,full,False,0.8
3,9,0.2707865660011976,6,full,False,0.8
3,10,0.9969473123364292,6,full,False,0.8
3,11,0.9979144195461217,6,full,False,0.8
3,12,0.26139598539741504,6,full,False,0.8
3,13,0.27734750493513893,6,full,False,0.8
3,14,0.9626312043234241,6,full,False,0.8
3,15,0.2708712694747082,6,full,False,0.8
3,16,0.3591604443724149,6,full,False,0.8
3,17,0.9979144195461217,6,full,False,0.8
3,18,0.3595871921127644,6,full,False,0.8
3,19,0.2746715423210343,6,full,False,0.8
4,5,0.37257484782218603,6,full,False,0.8
4,6,0.37257484782218603,6,full,False,0.8
4,7,0.5095204911060224,6,full,False,0.8
4,8,0.35907259066894615,6,full,False,0.8
4,9,0.5098251421690978,6,full,False,0.8
4,10,0.3616478581696227,6,full,False,0.8
4,11,0.36123603517276165,6,full,False,0.8
4,12,0.517688939993333,6,full,False,0.8
4,13,0.5064881853549112,6,full,False,0.8
4,14,0.3727610736593428,6,full,False,0.8
4,15,0.511135894267218,6,full,False,0.8
4,16,0.9953078746204288,6,full,False,0.8
4,17,0.36123603517276165,6,full,False,0.8
4,18,0.9961398888039937,6,full,False,0.8
4,19,0.5084716664871487,6,full,False,0.8
5,6,1.0,6,full,False,0.8
5,7,0.26972905921855145,6,full,False,0.8
5,8,0.9494928325842641,6,full,False,0.8
5,9,0.26858702196089035,6,full,False,0.8
5,10,0.964915459729129,6,full,False,0.8
5,11,0.9639585360123202,6,full,False,0.8
5,12,0.2592899663231746,6,full,False,0.8
5,13,0.2749465462313365,6,full,False,0.8
5,14,0.9992670563528719,6,full,False,0.8
5,15,0.2686236167193657,6,full,False,0.8
5,16,0.370703174636469,6,full,False,0.8
5,17,0.9639585360123202,6,full,False,0.8
5,18,0.37110927579483677,6,full,False,0.8
5,19,0.27232042308560206,6,full,False,0.8
6,7,0.26972905921855145,6,full,False,0.8
6,8,0.9494928325842641,6,full,False,0.8
6,9,0.26858702196089035,6,full,False,0.8
6,10,0.964915459729129,6,full,False,0.8
6,11,0.9639585360123202,6,full,False,0.8
6,12,0.2592899663231746,6,full,False,0.8
6,13,0.2749465462313365,6,full,False,0.8
6,14,0.9992670563528719,6,full,False,0.8
6,15,0.2686236167193657,6,full,False,0.8
6,16,0.370703174636469,6,full,False,0.8
6,17,0.9639585360123202,6,full,False,0.8
6,18,0.37110927579483677,6,full,False,0.8
6,19,0.27232042308560206,6,full,False,0.8
7,8,0.27610300934137266,6,full,False,0.8
7,9,0.9961103882191996,6,full,False,0.8
7,10,0.2713244637429721,6,full,False,0.8
7,11,0.27151623268805564,6,full,False,0.8
7,12,0.9801886868622514,6,full,False,0.8
7,13,0.9910433519312489,6,full,False,0.8
7,14,0.27007680244962484,6,full,False,0.8
7,15,0.9961112609092465,6,full,False,0.8
7,16,0.5113838964968956,6,full,False,0.8
7,17,0.27151623268805564,6,full,False,0.8
7,18,0.5108498783759421,6,full,False,0.8
7,19,0.9944301604136088,6,full,False,0.8
8,9,0.27501879905699117,6,full,False,0.8
8,10,0.9833003091210347,6,full,False,0.8
8,11,0.9842585660821003,6,full,False,0.8
8,12,0.2653019369482499,6,full,False,0.8
8,13,0.28132259515444125,6,full,False,0.8
8,14,0.9502088767569047,6,full,False,0.8
8,15,0.2750898967817509,6,full,False,0.8
8,16,0.3572560228239014,6,full,False,0.8
8,17,0.9842585660821003,6,full,False,0.8
8,18,0.3576713232738401,6,full,False,0.8
8,19,0.2785654233581365,6,full,False,0.8
9,10,0.2701394224015714,6,full,False,0.8
9,11,0.2703274314830863,6,full,False,0.8
9,12,0.9808205655641703,6,full,False,0.8
9,13,0.9871816702258822,6,full,False,0.8
9,14,0.2689339634930029,6,full,False,0.8
9,15,0.9976883318829725,6,full,False,0.8
9,16,0.5116967623740557,6,full,False,0.8
9,17,0.2703274314830863,6,full,False,0.8
9,18,0.5111621335153971,6,full,False,0.8
9,19,0.9905570353843703,6,full,False,0.8
10,11,0.9990317034190344,6,full,False,0.8
10,12,0.2608079082278792,6,full,False,0.8
10,13,0.27665801287729685,6,full,False,0.8
10,14,0.9656381867589647,6,full,False,0.8
10,15,0.27022442844686084,6,full,False,0.8
10,16,0.35977040573269375,6,full,False,0.8
10,17,0.9990317034190344,6,full,False,0.8
10,18,0.3601981798496986,6,full,False,0.8
10,19,0.27399928333626067,6,full,False,0.8
11,12,0.2609704399729127,6,full,False,0.8
11,13,0.2768636825605219,6,full,False,0.8
11,14,0.964681012127278,6,full,False,0.8
11,15,0.2704120132388931,6,full,False,0.8
11,16,0.3593626001329415,6,full,False,0.8
11,17,1.0,6,full,False,0.8
11,18,0.3597898416745239,6,full,False,0.8
11,19,0.2741976107575155,6,full,False,0.8
12,13,0.9714372625923166,6,full,False,0.8
12,14,0.25962564924070325,6,full,False,0.8
12,15,0.9819696827651204,6,full,False,0.8
12,16,0.5196139667902571,6,full,False,0.8
12,17,0.2609704399729127,6,full,False,0.8
12,18,0.5190652284111208,6,full,False,0.8
12,19,0.9758812005804668,6,full,False,0.8
13,14,0.2752993308884353,6,full,False,0.8
13,15,0.9883379226458837,6,full,False,0.8
13,16,0.5083182743900297,6,full,False,0.8
13,17,0.2768636825605219,6,full,False,0.8
13,18,0.5077903445261887,6,full,False,0.8
13,19,0.9954383478820618,6,full,False,0.8
14,15,0.26896989061915433,6,full,False,0.8
14,16,0.37088943031065075,6,full,False,0.8
14,17,0.964681012127278,6,full,False,0.8
14,18,0.37129532196459963,6,full,False,0.8
14,19,0.2726703011847612,6,full,False,0.8
15,16,0.5130084392164189,6,full,False,0.8
15,17,0.2704120132388931,6,full,False,0.8
15,18,0.5124723339993185,6,full,False,0.8
15,19,0.9928662254859455,6,full,False,0.8
16,17,0.3593626001329415,6,full,False,0.8
16,18,0.9985997613358316,6,full,False,0.8
16,19,0.5103180304637001,6,full,False,0.8
17,18,0.3597898416745239,6,full,False,0.8
17,19,0.2741976107575155,6,full,False,0.8
18,19,0.5097862548852109,6,full,False,0.8
